[
	{
		"inputs": [
			{
				"components": [
					{
						"internalType": "uint256",
						"name": "id",
						"type": "uint256"
					},
					{
						"internalType": "bytes32",
						"name": "transactionIdHash",
						"type": "bytes32"
					},
					{
						"internalType": "bytes32",
						"name": "bankIdHash",
						"type": "bytes32"
					},
					{
						"internalType": "bool",
						"name": "isCompletedTransaction",
						"type": "bool"
					},
					{
						"internalType": "uint256",
						"name": "stageTransaction",
						"type": "uint256"
					},
					{
						"internalType": "uint256",
						"name": "investorId",
						"type": "uint256"
					},
					{
						"internalType": "uint256",
						"name": "listingId",
						"type": "uint256"
					},
					{
						"internalType": "uint256",
						"name": "offeringAmount",
						"type": "uint256"
					},
					{
						"internalType": "string",
						"name": "documentHash",
						"type": "string"
					},
					{
						"internalType": "string",
						"name": "investingAccName",
						"type": "string"
					}
				],
				"internalType": "struct TransactionContract.Transaction",
				"name": "transaction",
				"type": "tuple"
			}
		],
		"name": "addTransaction",
		"outputs": [],
		"stateMutability": "nonpayable",
		"type": "function"
	},
	{
		"inputs": [],
		"stateMutability": "nonpayable",
		"type": "constructor"
	},
	{
		"anonymous": false,
		"inputs": [
			{
				"indexed": false,
				"internalType": "bytes32",
				"name": "id",
				"type": "bytes32"
			}
		],
		"name": "TransactionAdded",
		"type": "event"
	},
	{
		"inputs": [
			{
				"internalType": "bytes32",
				"name": "_transactionId",
				"type": "bytes32"
			}
		],
		"name": "getTransaction",
		"outputs": [
			{
				"components": [
					{
						"internalType": "uint256",
						"name": "id",
						"type": "uint256"
					},
					{
						"internalType": "bytes32",
						"name": "transactionIdHash",
						"type": "bytes32"
					},
					{
						"internalType": "bytes32",
						"name": "bankIdHash",
						"type": "bytes32"
					},
					{
						"internalType": "bool",
						"name": "isCompletedTransaction",
						"type": "bool"
					},
					{
						"internalType": "uint256",
						"name": "stageTransaction",
						"type": "uint256"
					},
					{
						"internalType": "uint256",
						"name": "investorId",
						"type": "uint256"
					},
					{
						"internalType": "uint256",
						"name": "listingId",
						"type": "uint256"
					},
					{
						"internalType": "uint256",
						"name": "offeringAmount",
						"type": "uint256"
					},
					{
						"internalType": "string",
						"name": "documentHash",
						"type": "string"
					},
					{
						"internalType": "string",
						"name": "investingAccName",
						"type": "string"
					}
				],
				"internalType": "struct TransactionContract.Transaction",
				"name": "",
				"type": "tuple"
			}
		],
		"stateMutability": "view",
		"type": "function"
	},
	{
		"inputs": [],
		"name": "owner",
		"outputs": [
			{
				"internalType": "address",
				"name": "",
				"type": "address"
			}
		],
		"stateMutability": "view",
		"type": "function"
	}
]